,Name,Birthday,Nationality,Weight,Height,Reach,Stance,Total Fights,Wins,Wins by KO,Losses,Draws,No Contests
0,Jessica McCaskill,1984-09-08,"St. Louis, Missouri, U.S.[2]",Lightweight/Light welterweight/Welterweight,5 ft 6 in (168 cm)[1],69 in (175 cm)[1],Orthodox,16,12,5,3,1,
1,Zongju Cai,,,,,,,,,,,,
2,Sarah Bormann,,,,,,,,,,,,
3,Eva Voraberger,,,,,,,,,,,,
4,Daniela Asenjo,,,,,,,,,,,,
5,Sharadene Fortuin,,,,,,,,,,,,
6,Melissa Oddessa Parker,,,,,,,,,,,,
7,Vissia Trovato,,,,,,,,,,,,
8,Ségolène Lefebvre,1993-05-30,,Super-bantamweight/Super-featherweight,,,Orthodox,18,18,1,0,,
9,Iwona Guzowska,,,,,,,,,,,,
10,Licia Boudersa,,,,,,,,,,,,
11,Firuza Sharipova,1994-08-29,"Taraz (Zhambyl), Kazakhstan",Super-featherweight/Lightweight/Light-welterweight,166 cm (5 ft 5+1⁄2 in),166 cm (65 in),Orthodox,17,15,8,2,,
12,Estelle Yoka Mossely,1992-08-19,"Paris, France",Lightweight,5 ft 6 in (168 cm),,Orthodox,11,11,1,,,
13,Agnieszka Rylik,,,,,,,,,,,,
14,Svetlana Kulakova,,,,,,,,,,,,
15,Jennifer Retzke,,,,,,,,,,,,
16,Mikaela Laurén,1976-01-20,"Stockholm, Sweden",Welterweight/Light-middleweight/Middleweight,1.78 m (5 ft 10 in),,Orthodox,38,32,13,6,,
17,Ivana Habazin,,,,,,,,,,,,
18,Mika Iwakawa,1983-07-26,"Kōnan, Kōchi, Japan",Atomweight/Minimumweight/Light-flyweight,161 cm (5 ft 3 in)[1],,Orthodox,20,12,4,7,1,
19,Yuko Kuroki,,,,,,,,,,,,
20,Eri Matsuda,,,,,,,,,,,,
21,Teeraporn Pannimit,1992-08-10,"Phra Nakhon Si Ayutthaya province, Thailand",Light flyweight/Strawweight,5 ft 0 in (152 cm),,Orthodox,29,20,5,9,,
22,Mako Yamada,1994-05-26,,Mini flyweight/Atomweight,153 cm (5 ft 0 in),,Orthodox,,13,,1,2,
23,Kumiko Seeser Ikehara,,,,,,,,,,,,
24,Kayoko Ebata,,,,,,,,,,,,
25,Nguyễn Thị Thu Nhi,1996-10-22,"Ho Chi Minh City, Vietnam[1]",Mini-flyweight,5 ft 2 in (157 cm)[1],,Orthodox,6,5,1,1,,
26,Yesica Bopp,,,,,,,,,,,,
27,Eun Hye Lee,,,,,,,,,,,,
28,Naoko Fujioka,,,,,,,,,,,,
29,[8],,,,,,,,,,,,
30,Melissa McMorrow,,,,,,,,,,,,
31,Nana Yoshikawa,,,,,,,,,,,,
32,Arely Muciño,1989-05-20,"Monterrey, Nuevo León, Mexico",Light flyweight/Flyweight/Super flyweight,5 ft 2 in (157 cm),,Orthodox,34,28,10,3,2,1
33,Debora Anahí López,,,,,,,,,,,,
34,Carolina Raquel Duer,1978-08-05,"Buenos Aires, Argentina",Super flyweight/Bantamweight,,,Orthodox,28,20,6,6,2,
35,Raja Amasheh,,,,,,,,,,,,
36,Miyo Yoshida,1988-04-12,"Kagoshima, Kagoshima Prefecture, Japan",Super-flyweight/Bantamweight,5 ft 3+1⁄2 in (161 cm),63+1⁄2 in (161 cm),Orthodox,21,17,0,4,,
37,Tamao Ozawa,,,,,,,,,,,,
38,Kaliesha West,1988-02-11,"South Haven, Michigan, U.S.",Super Bantamweight,5 ft 5 in (165 cm),71 in (180 cm),Orthodox,21,17,4,1,3,0
39,Mayra Alejandra Gómez,,,,,,,,,,,,
40,Yésica Patricia Marcos,,,,,,,,,,,,
41,Ina Menzer,,,,,,,,,,,,
42,Heather Hardy,1982-01-25,,Flyweight/Super bantamweight/Featherweight,5 ft 5 in (165 cm),64 in (163 cm),Orthodox,,2,,2,,
43,Ramona Kuehne,,,,,,,,,,,,
44,Enis Pacheco,,,,,,,,,,,,
45,María Elena Maderna,,,,,,,,,,,,
46,Yohana Belén Alfonzo,,,,,,,,,,,,
47,Fernanda Soledad Alegre,,,,,,,,,,,,
48,Adela Celeste del Carmen Peralta,,,,,,,,,,,,
49,Ana Laura Esteche,,,,,,,,,,,,
50,Cecilia Brækhus,,,,,,,,,,,,
51,Oxandia Castillo,,,,,,,,,,,,
52,Christina Hammer,,,,,,,,,,,,
53,Nanako Kikuchi,,,,,,,,,,,,
54,Carina Moreno,,,,,,,,,,,,
55,Mari Ando,,,,,,,,,,,,
56,Eun Soon Choi,,,,,,,,,,,,
57,Naomi Togashi - Interim champion promoted,,,,,,,,,,,,
58,Ibeth Zamora Silva,1989-02-06,"San Cristóbal Huichochitlán, Toluca, Mexico",Mini flyweight/Light flyweight/Flyweight,5 ft 2 in (157 cm),65 in (165 cm),Orthodox,39,32,12,7,,
59,Kim Clavel,,,,,,,,,,,,
60,Yesica Nery Plata,1994-05-17,,Light flyweight/Flyweight,,,Orthodox,32,30,3,2,,
61,Stefania Bianchini,,,,,,,,,,,,
62,Simona Galassi,1972-06-27,"Forlì, Italy",Flyweight/Super-flyweight,165 cm (5 ft 5 in),,Southpaw,30,23,4,5,1,1
63,Shindo Go,1987-07-18,"Maniwa, Japan[1]",Flyweight/Bantamweight,5 ft 6 in (168 cm)[1],,Orthodox,20,16,11,4,,
64,Myung Ok Ryu,,,,,,,,,,,,
65,Lourdes Juárez,1986-12-19,"Mexico City, Mexico",Light flyweight/Flyweight/Super flyweight,5 ft 1+1⁄2 in (156 cm),62+1⁄2 in (159 cm),Orthodox,37,34,4,2,,1
66,Asley González Macías,,,,,,,,,,,,
67,Kwang Ok Kim,,,,,,,,,,,,
68,Anita Christensen,,,,,,,,,,,,
69,Susana Vázquez,,,,,,,,,,,,
70,Galina Koleva Ivanova,,,,,,,,,,,,
71,Susie Ramadan,1979-04-10,,Bantamweight/Super-bantamweight,5 ft 3 in (160 cm),,Orthodox,31,28,12,3,,
72,Catherine Phiri,,,Bantamweight/Super-bantamweight,,,,20,16,10,4,,
73,Jackie Nava,,,,,,,,,,,,
74,Alejandra Marina Oliveras,1978-03-20,"El Carmen, Jujuy, Argentina",Super bantamweight/Featherweight/Lightweight/Light welterweight,5 ft 1 in (155 cm),,Orthodox,38,33,16,3,2,0
75,Marcela Eliana Acuña,,,,,,,,,,,,
76,Yamileth Mercado,1998-03-16,"Chihuahua, México",Super bantamweight,,,,24,21,5,3,,
77,Jelena Mrdjenovich,1982-06-24,"Hay River, Northwest Territories, Canada[1]",Featherweight/Super-featherweight/Lightweight,5 ft 7 in (170 cm),,Orthodox,55,41,19,12,2,
78,Edith Soledad Matthysse,,,,,,,,,,,,
79,Olivia Gerula,,,,,,,,,,,,
80,Frida Wallberg,1983-04-28,"Åtvidaberg, Sweden",Super-featherweight,5 ft 6+1⁄2 in (169 cm),,Orthodox,12,11,2,1,,
81,Eva Wahlström,1980-10-30,"Loviisa, Finland",Super-featherweight/Lightweight,1.68 m (5 ft 6 in),,Orthodox,27,23,3,2,2,
82,Eliza Olson,,,,,,,,,,,,
83,Ann Saccurato,,,,,,,,,,,,
84,Érica Anabella Farías,1984-07-13,"Buenos Aires, Argentina",Lightweight/Light welterweight/Welterweight,,,,34,27,10,7,,
85,Mónica Silvina Acosta,,,,,,,,,,,,
86,Jisselle Salandy,,,,,,,,,,,,
87,Christy Martin,1968-06-12,"Mullens, West Virginia, U.S.[2]",Light middleweight/Middleweight/Super middleweight,5 ft 4+1⁄2 in (164 cm)[1],64 in (163 cm)[1],Orthodox,59,49,31,7,3,
88,Mia St John,1967-06-24,"San Francisco, California, U.S.",Welterweight/Light welterweight/Lightweight/Super featherweight/Featherweight,5 ft 6 in (1.68 m),66+1⁄2 in (169 cm),Orthodox,65,49,19,14,2,0
89,Tiffany Junot,,,,,,,,,,,,
90,Ewa Piatkowska,1984-09-16,"Radom, Poland",Super lightweight/Welterweight/Light middleweight,1.75 m (5 ft 9 in),1.79 m (70 in),Orthodox,17,16,4,1,,
91,Yvonne Reis,,,,,,,,,,,,
92,Laila Ali,,,,,,,,,,,,
93,Natalya Ragozina,,,,,,,,,,,,
94,Vonda Ward,1973-03-16,"Macedonia, Ohio, U.S.",Heavyweight,6 ft 7 in (201 cm),,Orthodox,24,23,17,1,,
95,Alejandra Jiménez,,,,,,,,,,,,
96,Cho Rong Son,,,,,,,,,,,,
97,Ju Hee Kim,,,,,,,,,,,,
98,Ha-Na Kim,,,,,,,,,,,,
99,Xiyan Zhang,,,,,,,,,,,,
100,Naoko Yamaguchi,,,,,,,,,,,,
101,Clara Lescurat,,,,,,,,,,,,
102,Emanuela Pantani,,,,,,,,,,,,
103,Janeth Pérez,,,,,,,,,,,,
104,Irma García,,,,,,,,,,,,
105,Jamie Mitchell,,,,,,,,,,,,
106,Lisa Brown,,,,,,,,,,,,
107,Interim,,,,,,,,,,,,
108,Liliana Palmera,,,,,,,,,,,,
109,Alys Sánchez,1986-09-03,Venezuela,Super bantamweight/Featherweight,,,,25,17,6,7,1,
110,Gao Li Jun,,,,,,,,,,,,
111,Hwa-Won Lee,,,,,,,,,,,,
112,Hyun Mi Choi,,,,,,,,,,,,
113,Alicia Napoleon Espinosa,,,,,,,,,,,,
114,Sumire Yamanaka,,,,,,,,,,,,
115,Nancy Franco,,,,,,,,,,,,
116,Victoria Argueta,,,,,,,,,,,,
117,Naoko Shibata,,,,,,,,,,,,
118,Alondra García,,,,,,,,,,,,
119,[1],,,,,,,,,,,,
120,Gabriela Bouvier,,,,,,,,,,,,
121,Aracely Mucino,,,,,,,,,,,,
122,Gabriela Fundora,,,,,,,,,,,,
123,Katy Wilson Castillo,,,,,,,,,,,,
124,,,,,,,,,,,,,
125,Dahiana Santana,,,,,,,,,,,,
126,Claudia Andrea López,,,,,,,,,,,,
127,Betiana Patricia Viñas,,,,,,,,,,,,
128,Victoria Noelia Bustos,,,,,,,,,,,,
129,Marisa Gabriela Núñez,,,,,,,,,,,,
130,Mary McGee,1986-9-25,American,Lightweight/Light welterweight/Welterweight,5 ft 6 in (168 cm),72 in (183 cm),Orthodox,32,27,15,4,,1
131,Noni Tenge,,,,,,,,,,,,
132,Eva Bajic,,,,,,,,,,,,
133,Paola Gabriela Casalinuovo,,,,,,,,,,,,
134,Lani Daniels,1988-07-15,,Middleweight/Super-middleweight/Light-heavyweight/Heavyweight,169 cm (5 ft 7 in),,Orthodox,,10,,2,2,
135,Brian Nielsen,,,,,,,,,,,,
136,Lennox Lewis,1965-09-02,"West Ham, London, England",Heavyweight,6 ft 5 in (196 cm)[1],84 in (213 cm)[1],Orthodox,44,41,32,2,1,
137,David Izeqwire,,,,,,,,,,,,
138,Ted Cofie,,,,,,,,,,,,
139,Booker T. Word,,,,,,,,,,,,
140,Carl Thompson,,,,,,,,,,,,
141,Sebastiaan Rothmann,,,,,,,,,,,,
142,Danny Green,,,,,,,,,,,,
143,Jack Massey,1993-04-12,"Chapel-en-le-Frith, Derbyshire, England[1]",Cruiserweight,188 cm (6 ft 2 in),,Orthodox,23,21,12,2,,
144,Lenny LaPaglia,,,,,,,,,,,,
145,Drake Thadzi,,,,,,,,,,,,
146,Willie Ball,,,,,,,,,,,,
147,Todd Nadon,,,,,,,,,,,,
148,Karl Willis,,,,,,,,,,,,
149,Eddie White,,,,,,,,,,,,
150,Mads Larsen,,,,,,,,,,,,
151,Dana Rosenblatt,,,,,,,,,,,,
152,Ramon Arturo Brítez,,,,,,,,,,,,
153,Robin Reid,1971-02-19,"Kingston, Jamaica",Super-middleweight,5 ft 9 in (175 cm),76 in (193 cm),Orthodox,51,42,29,8,1,
154,Donovan George,,,,,,,,,,,,
155,Glenwood Brown,,,,,,,,,,,,
156,Mpush Makambi,,,,,,,,,,,,
157,Etinosa Oliha,,,,,,,,,,,,
158,Lonnie Beasley,,,,,,,,,,,,
159,Patrick Goossen,,,,,,,,,,,,
160,Richard Williams,1971-05-09,England,middleweight,5 ft 9 in (175 cm),72 in (183 cm),Orthodox,27,21,17,5,1,
161,Sergio Martínez,1975-02-21,"Avellaneda, Buenos Aires, Argentina",Welterweight/Light middleweight/Middleweight,5 ft 10 in (178 cm),73 in (185 cm),Southpaw,62,57,32,3,2,
162,Mihály Kótai,,,,,,,,,,,,
163,Steve Conway,1977-10-06,"Hartlepool, England",Super feather/Light/Light welter/Welter/Light middleweight,5 ft 8 in (173 cm),,Southpaw,46,34 (KO 7),,12 (KO 6),,
164,Attila Kovács,,,,,,,,,,,,
165,Julian Williams,,,,,,,,,,,,
166,Dennis Hogan,,,,,,,,,,,,
167,Kenny Gould,1967-05-11,,,1.67 m (5 ft 6 in),,,,,,,,
168,Johnny Bizzarro,,,,,,,,,,,,
169,Peter Malinga,,,,,,,,,,,,
170,Tsiko Mulovhedzi,,,,,,,,,,,,
171,Mike Evgen,,,,,,,,,,,,
172,Mike Johnson,,,,,,,,,,,,
173,Mario Martínez,,,,,,,,,,,,
174,Johar Abu Lashin,,,,,,,,,,,,
175,Israel Cardona,,,,,,,,,,,,
176,Ener Julio,,,,,,,,,,,,
177,Newton Villarreal,,,,,,,,,,,,
178,Pablo Daniel Sarmiento,1971-06-10,"Las Varillas, Cordoba, Argentina",Light Welterweight,180 cm (5 ft 11 in),183 cm (72 in),Orthodox,50,34,16,14,2,0
179,Amado Cabato,,,,,,,,,,,,
180,Billy Irwin,,,,,,,,,,,,
181,Michael Ayers,1965-01-26,"London, England",Lightweight,5 ft 8 in (173 cm),71 in (180 cm),,37,31,27,5,1,
182,Jason Cook,1975-02-27,"Maesteg, Wales",Lightweight,5 ft 9 in (175 cm),,Orthodox,37,30,11,6,1,0
183,Aldo Nazareno Ríos,,,,,,,,,,,,
184,Juan Díaz,1983-09-17,"Houston, Texas, U.S.",Lightweight/Light welterweight,5 ft 6 in (168 cm),67 in (170 cm),Orthodox,46,42,21,4,,
185,Mlungisi Dlamini,,,,,,,,,,,,
186,Xolisani Ndongeni,,,,,,,,,,,,
187,Jovanni Straffon,,,,,,,,,,,,
188,John Roby,,,,,,,,,,,,
189,Charles Shepherd,,,,,,,,,,,,
190,Affif Djelti,,,,,,,,,,,,
191,Kim Ji-hoon,1987-01-17,"Goyang City, South Korea",Welterweight,5 ft 9.5 in (1.77 m),,,34,25,19,9,0,0
192,José Pedraza,1989-05-08,"Caguas, Puerto Rico",Super featherweight/Lightweight/Light welterweight,5 ft 8+1⁄2 in (174 cm),70+1⁄2 in (179 cm),Ambidextrous,36,29,14,6,1,
193,Jack Asis,,,,,,,,,,,,
194,Radford Beasley,,,,,,,,,,,,
195,Lusanda Komanisi,,,,,,,,,,,,
196,Hector Andres Sosa,,,,,,,,,,,,
197,John Lowey,1966-08-06,"Dundonald, Northern Ireland, U.K.",super bantamweight,,,,31,26,17,5,0,0
198,Serhiy Divakov,,,,,,,,,,,,
199,Simon Ramoni,,,,,,,,,,,,
200,Mike Oliver,,,,,,,,,,,,
201,Thabo Sonjica,,,,,,,,,,,,
202,Stephen Fulton,1994-07-17,"Philadelphia, Pennsylvania, U.S.",Super bantamweight/Featherweight,5 ft 6+1⁄2 in (169 cm)[1],70+1⁄2 in (179 cm)[1],Orthodox,22,21,8,1,,
203,Eric Robles Ayala,,,,,,,,,,,,
204,José Sanjuanelo,,,,,,,,,,,,
205,Michell Banquez,,,,,,,,,,,,
206,Ángel Almena,,,,,,,,,,,,
207,Ilido Julio,,,,,,,,,,,,
208,Edison Torres,,,,,,,,,,,,
209,Lunga Ntontela,,,,,,,,,,,,
210,Mbwana Matumla,,,,,,,,,,,,
211,Zolile Mbityi,,,,,,,,,,,,
212,Edrin Dapudong,,,,,,,,,,,,
213,Lwandile Sityatha,,,,,,,,,,,,
214,Masibulele Makepula,,,,,,,,,,,,
215,Maximino Flores,,,,,,,,,,,,
216,José García Bernal,,,,,,,,,,,,
217,Monelisi Mhikiza Myekeni,,,,,,,,,,,,
218,Noel Tuñacao,,,,,,,,,,,,
219,Charles Martin,1986-04-24,"St. Louis, Missouri, U.S.",Heavyweight,6 ft 5 in (196 cm),80 in (203 cm),Southpaw,34,29,26,4,1,
220,Arthur Williams,,,,,,,,,,,,
221,Kelvin Davis,1978-05-26,"Natchez, Mississippi, USA",Cruiserweight,5 ft 7 in (170 cm),,,38,24,17,11,3,0
222,Charles Williams,,,,,,,,,,,,
223,William Guthrie,1967-01-17,"St. Louis, Missouri, United States",Light heavyweight/Cruiserweight,6 ft 1 in (1.85 m),6 ft 2 in (1.88 m),Southpaw,42,35,28,4,3,
224,Reggie Johnson,,,,,,,,,,,,
225,Charles Brewer,1969-10-16,"Philadelphia, Pennsylvania, U.S.",Super Middleweight,6 ft 1 in (1.85 m),78 in (198 cm),Orthodox,51,40,28,11,,
226,Frank Tate,1964-08-27,"Detroit, Michigan, U.S.",Middleweight/Super middleweight/Light heavyweight,6 ft 0 in (183 cm),72 in (183 cm),Orthodox,46,41,24,5,,
227,David Lemieux,1988-12-22,"Montreal, Quebec, Canada",Light middleweight/Middleweight/Super middleweight,5 ft 9 in (175 cm),70 in (178 cm),Orthodox,48,43,36,5,,
228,Daniel Jacobs,1987-02-03,"Brooklyn, New York City,New York, U.S.",Middleweight/Super middleweight,6 ft (183 cm)[1],73+1⁄2 in (187 cm)[1],Orthodox,41,37,30,4,,
229,Carlos Santos,1955-10-01,"Santurce, Puerto Rico",Super welterweight,1.77 m (5 ft 10 in),,Orthodox,44,41,28,3,,
230,Matthew Hilton,1965-12-17,"Montreal, Quebec, Canada",Light Middleweight/Middleweight,171 cm (5 ft 7 in),,Orthodox,37,32,24,3,2,
231,Robert Hines,,,,,,,,,,,,
232,Gianfranco Rosi,1957-08-05,"Assisi, Umbria, Italy",Welterweight/Light middleweight/Middleweight,5 ft 10 in (178 cm),73+1⁄4 in (186 cm),Orthodox,70,62,18,6,1,1
233,Terry Norris,,,,,,,,,,,,
234,Carlos Molina,1983-05-25,Mexico,Welterwight/Light middleweight/Middleweight,5 ft 9 in (175 cm),70 in (178 cm),Orthodox,52,38,12,12,2,
235,Simon Brown,,,,,,,,,,,,
236,Gary Hinton,,,,,,,,,,,,
237,Terry Marsh,1958-02-07,"Stepney, London, England",light welterweight,,,orthodox,27,26,10,,1,
238,Rafael Pineda,,,,,,,,,,,,
239,Charles Murray,,,,,,,,,,,,
240,Amir Khan,1986-12-08,"Bolton, Greater Manchester, England",Lightweight/Light-welterweight/Welterweight/Middleweight,5 ft 81⁄2 in (174 cm)[1],71 in (180 cm)[1],Orthodox,40,34,21,6,,
241,Josh Taylor,1991-01-02,"Prestonpans, Scotland",Light-welterweight,5 ft 10 in (178 cm),69+1⁄2 in (177 cm),Southpaw,20,19,13,1,,
242,Charlie Brown,,,,,,,,,,,,
243,Jimmy Paul,,,,,,,,,,,,
244,Javier Jáuregui,,,,,,,,,,,,
245,Julio Díaz,,,,,,,,,,,,
246,Tony Lopez,1963-02-24,"Sacramento, California, U.S.",Super featherweight/Lightweight/Light welterweight,5 ft 7 in (170 cm)[1],70 in (178 cm)[1],Orthodox,59,50,34,8,1,
247,Brian Mitchell,,,,,,,,,,,,
248,Eddie Hopson,,,,,,,,,,,,
249,Robert Garcia,,,,,,,,,,,,
250,Carlos Hernández,,,,,,,,,,,,
251,Antonio Rivera,,,,,,,,,,,,
252,Manuel Medina,1971-03-30,"Tecuala, Nayarit, Mexico",Featherweight/Super featherweight,5 ft 9 in (175 cm)[1],69 in (175 cm)[1],Orthodox,84,67,32,16,1,
253,Tom Johnson,,,,,,,,,,,,
254,Kid Galahad,,,,,,,,,,,,
255,Kim Ji-won,1959-08-06,"Seoul, South Korea",Super bantamweight,5 ft 7 in (1.70 m),,,18[1],16,7,,2,
256,Jonatan Romero,,,,,,,,,,,,
257,Daniel Roman,1990-05-10,"Los Angeles, California, U.S.",Super bantamweight,5 ft 5 in (165 cm),68 in (173 cm),Orthodox,34,29,10,4,1,
258,Stuart Hall,,,,,,,,,,,,
259,Paul Butler,1988-11-11,"Ellesmere Port, Cheshire, England",Super-flyweight/Bantamweight,5 ft 6 in (168 cm)[1],65 in (165 cm)[1],Orthodox,39,36,17,3,,
260,Harold Grey,,,,,,,,,,,,
261,Danny Romero,1974-07-12,"Albuquerque, New Mexico, U.S.",Flyweight/Super flyweight/Bantamweight/Super bantamweight,5 ft 5 in (165 cm)[1],68 in (173 cm)[1],Orthodox,52,45,38,5,2,
262,Mark Johnson,,,,,,,,,,,,
263,Fernando Martínez,1991-07-18,"Avellaneda, Argentina",Super flyweight,5 ft 3+1⁄2 in (161 cm),64 in (163 cm),Orthodox,16,16,9,,,
264,Jung Bi-won,,,,,,,,,,,,
265,Irene Pacheco,,,,,,,,,,,,
266,Jesse Rodriguez,,,,,,,,,,,,
267,Ricardo López,1966-07-25,"Cuernavaca, Morelos, Mexico",Mini flyweight/Light flyweight,5 ft 5 in (165 cm)[1],64 in (163 cm)[1],Orthodox,52,51,38,,1,
268,Javier Mendoza,,,,,,,,,,,,
269,Eric Chavez,1962-04-09,Philippines,Mini flyweight,163cm,,southpaw,60,40,25,16,4,
270,Daniel Reyes,1972-05-05,"Cartagena de Indias, Colombia",Minimumweight,1.52 m (5 ft 0 in),165 cm (65 in),Orthodox,48,40,30,7,1,
271,Raúl García,1982-09-10,"La Paz, Baja California Sur, Mexico",Mini flyweight,,,Southpaw,43,38,23,4,1,
272,Mario Rodríguez,,,,,,,,,,,,
273,Max Baer,1909-02-11,"Omaha, Nebraska, U.S.",Heavyweight,6 ft 2+1⁄2 in (1.89 m),81 in (206 cm)[1][2],Orthodox,81,68,51,13,,
274,Harold Johnson,,,,,,,,,,,,
275,Bob Foster,1942-04-27,"Borger, Texas, U.S.",Light heavyweight/Heavyweight,6 ft 3 in (191 cm),78.75 in (200 cm),Orthodox,65,56,46,8,1,
276,Mickey Walker,1901-07-13,"Elizabeth, New Jersey",Welterweight/Middleweight/Light Heavyweight/Heavyweight,5 ft 7 in (1.70 m),67 in (170 cm),Orthodox,164,131,60,25,6,2
277,Carl Olson,1928-07-11,American,Middleweight,179 cm,178 cm,orthodox,115,97,47,16,2,
278,José Durán,,,,,,,,,,,,
279,Masashi Kudo,1951-08-24,"Gojōme, Akita, Japan",Light middleweight/Middleweight,5 ft 8 in (173 cm),,Orthodox,24,23,12,1,,
280,Jack Thompson,,,,,,,,,,,,
281,Tommy Freeman,1904-01-22,"Hot Springs, Arkansas, U.S.",Welterweight,5 ft 7+1⁄2 in (171 cm),70 in (178 cm),Orthodox,224,174,84,20,21,
282,Danny Garcia,1988-03-20,"Philadelphia, Pennsylvania, U.S.",Light welterweight/Welterweight/Light middleweight,5 ft 8+1⁄2 in (174 cm)[1],68+1⁄2 in (174 cm)[1],Orthodox,40,37,21,3,,
283,Wallace Smith,1924-04-02,"Cincinnati, Ohio",Lightweight,5 ft 6+1⁄2 in (169 cm),,Orthodox,61,31,18,24,6,0
284,Joe Brown,,,,,,,,,,,,
285,Carlos Ortiz,1936-09-09,"Ponce, Puerto Rico",Lightweight/Light welterweight,5 ft 7 in (170 cm),70 in (178 cm),Orthodox,70,61,30,7,1,1
286,Carlos Cruz,1937-11-24,"Santiago de los Caballeros, Dominican Republic",Lightweight,5 ft 6+1⁄2 in (169 cm),68 in (173 cm),Orthodox,57,42,14,13,2,
287,Jim Watt,,,,,,,,,,,,
288,Hiroshi Kobayashi,1944-08-23,"Isesaki, Japan",Featherweight/Super featherweight,5 ft 6 in (168 cm),,Orthodox,75,61,10,10,4,
289,Louis Kid Kaplan,,,,,,,,,,,,
290,Freddie Miller,1911-04-03,"Cincinnati, Ohio, U.S.",Featherweight,5 ft 5 in (1.65 m),,Southpaw,251,211,45,30,7,3
291,Davey Moore,,,,,,,,,,,,
292,Danny Lopez,1952-07-06,"Fort Duchesne, Utah, U.S.",Featherweight,5 ft 7+1⁄2 in (171 cm),71 in (180 cm),Orthodox,48,42,39,6,,
293,Eddie Martin,,,,,,,,,,,,
294,Manuel Ortiz,1916-07-02,"Corona, California, United States",Lightweight/Featherweight/Bantamweight,5 ft 5 in (1.65 m),66 in (168 cm),Orthodox,131,100,54,28,3,0
295,Robert Cohen,,,,,,,,,,,,
296,Luis Nery,1994-12-12,"Tijuana, Baja California, Mexico",Bantamweight/Super bantamweight,5 ft 5 in (165 cm),65 in (165 cm),Southpaw,36,35,27,1,,
297,Terry Allen,,,,,,,,,,,,
298,Pascual Perez,1926-05-04,"Mendoza, Argentina",Flyweight,4 ft 11 in (1.50 m),,Orthodox,92,84,57,7,1,
299,Kōji Kobayashi,,,,,,,,,,,,
300,Román González,1987-06-17,"Managua, Nicaragua",Mini flyweight/Light flyweight/Flyweight/Super flyweight,5 ft 3 in (160 cm)[1],64 in (163 cm)[1],Orthodox,55,51,41,4,,
301,Iván Calderón,,,,,,,,,,,,
302,Leeonzer Barber,,,,,,,,,,,,
303,Jason Matthews,1970-07-20,"Hackney, London, England",Middleweight,5 ft 10+1⁄2 in (179 cm),74 in (188 cm),Orthodox,23,21,18,2,,
304,Harry Simon,1971-10-21,"Walvis Bay, Namibia",Light middleweight/Middleweight/Super Middleweight/Light heavyweight,1.78 m (5 ft 10 in),70 in (178 cm),Orthodox,31,31,23,,,
305,Andy Lee,,,,,,,,,,,,
306,John David Jackson,,,,,,,,,,,,
307,Paul Jones,,,,,,,,,,,,
308,Daniel Santos,1975-10-10,"San Juan, Puerto Rico",Welterweight/Light middleweight,5 ft 11+1⁄2 in (182 cm),74 in (188 cm),Southpaw,38,32,23,4,1,1
309,Liam Smith,1988-07-27,"Liverpool, England",Light-middleweight/Middleweight,5 ft 9+1⁄2 in (177 cm) [1],69 in (175 cm),Orthodox,38,33,20,4,1,
310,Genaro León,,,,,,,,,,,,
311,José Luis López,,,,,,,,,,,,
312,Paul Williams,,,,,,,,,,,,
313,Carlos Quintana,1976-11-06,"Moca, Puerto Rico",Welterweight,,,Southpaw,33,29,23,4,,
314,Carlos González,1972-06-15,Mexico,Super-Lightweight,173cm ,183 cm,orthodox,64,55,46,8,1,
315,Sammy Fuentes,,,,,,,,,,,,
316,Ricardo Torres,,,,,,,,,,,,
317,José Ramírez,1958-12-03,"Huatabampo, Sonora, Mexico",Lightweight,5 ft 7 in (170 cm),,Southpaw,111,102,82,9,,
318,Zahir Raheem,,,,,,,,,,,,
319,Terry Flanagan,1989-06-11,"Manchester, England",Super-featherweight/Lightweight/Light-welterweight,5 ft 9+1⁄2 in (177 cm)[1],71 in (180 cm)[1],Southpaw,38,36,14,2,,
320,Barry Jones,1974-03-05,American,Lightweight/Light welterweight/Welterweight,5 ft 6 in (168 cm),72 in (183 cm),Orthodox,32,27,15,4,,1
321,Anatoly Alexandrov,,,,,,,,,,,,
322,Román Martínez,1983-01-31,"Vega Baja, Puerto Rico",Super featherweight,5 ft 8 in (173 cm),67 in (170 cm),Orthodox,37,30,18,4,3,
323,Rubén Darío Palacio,,,,,,,,,,,,
324,Steve Robinson,1968-12-13,"Cardiff, Wales",Featherweight/Super featherweight,,,,51,32,17,17,2,
325,István Kovács,1970-08-17,,,170 cm (5 ft 7 in),,,,,,,,
326,Scott Harrison,,,,,,,,,,,,
327,Juan Manuel López,1983-06-30,Puerto Rico,Super-bantamweight/Featherweight/Super-featherweight,166cm ,175cm,Southpaw,43,36,32,6,1,
328,Orlando Fernandez,,,,,,,,,,,,
329,Daniel Jiménez,1969-11-21,"Camuy, Puerto Rico",Bantamweight/Super bantamweight/Featherweight/Super featherweight,5 ft 5+1⁄2 in (166 cm)[1],71 in (180 cm)[1],Orthodox,45,30,15,13,1,1
330,Rafael del Valle,,,,,,,,,,,,
331,Mauricio Martínez,1975-05-20,"Colón, Panama",Bantamweight/Super bantamweight/Featherweight,5 ft 6 in (168 cm),66 in (168 cm),Southpaw,51,36,24,14,1,0
332,Diego Morales,1979-12-11,"Tijuana, Mexico",Lightweight,5 ft 5 in (1.65 m),,,39,37,27,2,,
333,Iván Hernández,1982-11-24,"Mexico City, Mexico",Featherweight/Super Bantamweight/Super Flyweight,5 ft 9 in (175 cm),72 in (181 cm),Orthodox,34,28,17,5,1,0
334,José López,1972-03-29,Puerto Rico,Super-flyweight,165cm ,157cm,orthodox,52,39,32,11,2,
335,Omar Narváez,,,,,,,,,,,,
336,Alberto Jiménez,1969-04-08,"Colonia Valle Gómez, Mexico City, Mexico",Featherweight/Bantamweight/Flyweight/Light Flyweight,1.57 m (5 ft 2 in),173 cm (68 in),Orthodox,42,34,29,5,3,0
337,Isidro García,,,,,,,,,,,,
338,José de Jesús,1963-08-12,"Cayey, Puerto Rico",Light flyweight,,,,41,31,22,9,1,0
339,Jonathan González,,,,,,,,,,,,
340,Alex Sánchez,,,,,,,,,,,,
341,Oscar Collazo,,,,,,,,,,,,
342,Marvin Johnson,1954-04-12,"Indianapolis, Indiana, USA",Light heavyweight,5 ft 10+1⁄2 in (179 cm),72+1⁄2 in (184 cm),Southpaw,49,43,35,6,,
343,Jeff Harding,,,,,,,,,,,,
344,Mauro Galvano,1965-02-05,"Sydney, Australia",Light heavyweight,5 ft 11+1⁄2 in (182 cm),73 in (185 cm),Orthodox,25,23,17,2,,
345,Julian Jackson,1960-09-12,"Saint Thomas, U.S. Virgin Islands",Light middleweight/Middleweight,5 ft 11 in (180 cm)[1],73 in (185 cm)[1],Orthodox,61,55,49,6,,
346,Agostino Cardamone,,,,,,,,,,,,
347,Keith Holmes,1969-03-30,"Washington, D.C., U.S.",Light middleweight/Middleweight,6 ft 2 in (188 cm),78 in (198 cm),Southpaw,46,41,25,5,,
348,Duane Thomas,,,,,,,,,,,,
349,René Jacquot,,,,,,,,,,,,
350,Luis Santana,,,,,,,,,,,,
351,Bruno Arcari,1942-01-01,"Atina, Lazio, Italy",Light welterweight,5 ft 5 in (165 cm),66+1⁄2 in (169 cm),Southpaw,73,70,38,2,1,
352,Kim Sang-Hyun,,,,,,,,,,,,
353,Billy Costello,1956-04-10,"Kingston, New York, U.S.",Light welterweight,5 ft 8+1⁄2 in (174 cm),71 in (180 cm),Orthodox,42,40,23,2,,
354,Lonnie Smith,1962-11-25,"Denver, Colorado, U.S.",Light welterweight/Welterweight,5 ft 7+1⁄2 in (171 cm),68+1⁄2 in (174 cm),Orthodox,53,44,26,7,2,
355,Rodolfo González,1945-12-16,"Guadalajara, Jalisco, Mexico",Lightweight,5 ft 9 in (175 cm),70 in (178 cm),Orthodox,89,80,66,8,1,
356,Miguel Ángel González,1970-11-15,"Colonia Roma, Mexico City, Mexico",Lightweight/Light welterweight/Welterweight/Light middleweight,5 ft 8+1⁄2 in (174 cm),68 in (173 cm),Orthodox,57,51,40,5,1,
357,David Díaz,1976-06-07,"Chicago, Illinois, U.S.",Lightweight/Light welterweight,5 ft 6 in (168 cm),69 in (175 cm),Southpaw,41,36,17,4,1,
358,Francisco Vargas,,,,,,,,,,,,
359,Danny López,1952-07-06,"Fort Duchesne, Utah, U.S.",Featherweight,5 ft 7+1⁄2 in (171 cm),71 in (180 cm),Orthodox,48,42,39,6,,
360,Kevin Kelley,,,,,,,,,,,,
361,Alejandro González,,,,,,,,,,,,
362,Jaime Garza,1959-09-10,"Santa Cruz, California, U.S.",Super bantamweight,5 ft 7 in (170 cm),67 in (170 cm),Orthodox,54,48,44,6,,
363,Julio Ceja,1992-11-18,"Tlalnepantla de Baz State of Mexico, Mexico",Super flyweight/Bantamweight/Super bantamweight,5 ft 7 in (170 cm)[1],63+1⁄2 in (161 cm)[1],Orthodox,38,32,28,5,1,
364,Carlos Zárate,1951-05-23,"Tepito, Mexico City, Mexico",Bantamweight/Super bantamweight,5 ft 8 in (173 cm),67 in (170 cm),Orthodox,70,66,63,4,,
365,Miguel Lora,,,,,,,,,,,,
366,Raúl Pérez,1967-02-14,"Tijuana, Baja California, Mexico",Bantamweight/Super bantamweight/Featherweight/Super featherweight,5 ft 11 in (180 cm)[1],74 in (188 cm)[1],Orthodox,71,61,42,6,3,1
367,Kim Chul-Ho,1961-03-03,"Osan, Gyeonggi-do, South Korea",Super flyweight,5 ft 6 in (1.68 m),,,24,19,9,3,2,0
368,Choi In-Joo,,,,,,,,,,,,
369,Tomás Rojas,1980-06-12,"Tlalixcoyan, Veracruz, Mexico",Flyweight/Super flyweight/Bantamweight/Super bantamweight/Featherweight,5 ft 8 in (173 cm),69+1⁄2 in (177 cm),Orthodox,74,52,34,20,1,1
370,Yota Sato,1984-04-01,"Morioka, Iwate, Japan",Super flyweight,5 ft 7+1⁄2 in (171 cm),70+1⁄2 in (179 cm),Orthodox,30,26,12,3,1,
371,Jesse Rodríguez,2000-01-20,"San Antonio, Texas, U.S.",Light flyweight/Flyweight/Super flyweight,5 ft 4+1⁄2 in (164 cm)[1],67 in (170 cm)[1],Southpaw,19,19,12,,,
372,Charlie Edwards,1993-02-08,"Sutton, London, England",Flyweight/Super flyweight/Bantamweight,5 ft 6 in (168 cm),66 in (168 cm),Orthodox,20,18,7,1,,1
373,Eric Ortiz,,,,,,,,,,,,
374,Édgar Sosa,1979-08-23,"Mexico City, Mexico",Light flyweight/Flyweight/Super flyweight,1.61 m (5 ft 3 in),170 cm (67 in),Orthodox,64,53,31,11,,
375,Adrián Hernández,1986-01-10,"Toluca, México, Mexico",Light flyweight/Flyweight,5 ft 4 in (1.63 m),64 in (163 cm),Orthodox,36,30,19,5,1,
376,Yu Kimura,1983-11-23,"Chiba, Japan",Light-flyweight,5 ft 4 in (163 cm),64 in (163 cm),Orthodox,22,18,3,3,1,
377,Masamichi Yabuki,1992-07-09,"Suzuka, Mie, Japan",Light flyweight,5 ft 5+1⁄2 in (166 cm),65+1⁄2 in (166 cm),Orthodox,19,15,14,4,,
378,Hideyuki Ohashi,1965-03-08,"Yokohama, Japan",Minimumweight/Light flyweight,,,Orthodox,24,19,12,5,,
379,José Antonio Aguirre,1975-07-05,"Cárdenas, Tabasco, Mexico",Minimumweight,1.60 m (5 ft 3 in),66 in (168 cm),Orthodox,47,35,21,11,1,
380,Jimmy Ellis,1940-02-24,"Louisville, Kentucky, U.S.",Heavyweight,6 ft 0 in (183 cm),76 in (193 cm),Orthodox,53,40,24,12,1,
381,John Tate,1955-01-29,"Marion, Arkansas, U.S.",Heavyweight,6 ft 4 in (193 cm),80 in (203 cm),Orthodox,37,34,23,3,,
382,Mike Weaver,1951-06-13,"Gatesville, Texas, U.S.",Heavyweight,6 ft 1 in (185 cm),78 in (198 cm),,60,41,28,18,1,
383,Greg Page,1958-10-25,"Louisville, Kentucky, U.S.",Heavyweight,6 ft 2 in (188 cm),81 in (206 cm),Orthodox,76,58,48,17,1,
384,James Smith,1953-04-03,"Magnolia, North Carolina, U.S.",Heavyweight,6 ft 4 in (193 cm),82 in (208 cm),Orthodox,62,44,32,17,1,
385,Daniel Dubois,1997-09-06,"Greenwich, London, England",Heavyweight,6 ft 5 in (196 cm)[1],78 in (198 cm)[1],Orthodox,22,20,19,2,,
386,Nate Miller,1963-08-03,"Philadelphia, Pennsylvania, U.S.",Cruiserweight/Super cruiserweight,6 ft 2 in (188 cm),77 in (196 cm),Orthodox,40,31,27,9,,
387,Víctor Ramírez,1984-03-30,"Ezeiza, Buenos Aires,Argentina",Cruiserweight/Heavyweight,5 ft 11 in (180 cm),69 in (175 cm),Orthodox,33,27,22,4,1,1
388,George Nichols,1907-07-10,"Sandusky, Ohio, US",Light heavyweight,5 ft 10.5 in (1.79 m),,,140,94,33,34,11,1
389,Joe Knight,1909-01-15,"Cairo, Georgia",Light Heavyweight,5 ft 11+1⁄2 in (182 cm),73+1⁄2 in (187 cm),,164,125,66,19,18,2
390,Fulgencio Obelmejias,,,,,,,,,,,,
391,Víctor Córdoba,1962-03-15,"Darién, Panama",Middleweight/Super middleweight/Light heavyweight,6 ft 1 in (185 cm),77 in (196 cm),Southpaw,31,22,16,6,3,0
392,Steve Little,,,,,,,,,,,,
393,George Groves,1988-03-26,"Hammersmith,West London,England",Super-middleweight,5 ft 11+1⁄2 in (182 cm)[1],74 in (188 cm)[1],Orthodox,32,28,20,4,,
394,Johnny Wilson,,,,,,,,,,,,
395,Jorge Castro,1967-08-18,"Caleta Olivia, Santa Cruz",Middleweight/Super welterweight,5 ft 9 in (1.75 m),69 in (175 cm),Orthodox,144,130,90,11,3,
396,José Duran,1945-10-09,"Madrid, Spain",Light Middleweight,5 ft 9 in (1.75 m),,Orthodox,79,63,23,6,9,
397,David Reid,,,,,,,,,,,,
398,Alejandro García,1979-07-18,"Tijuana, Mexico",Light middleweight,5 ft 9+1⁄2 in (177 cm),,,32,26,24,5,1,
399,Ramón Álvarez,,,,,,,,,,,,
400,José Cuevas,1957-12-27,"Santo Tomás de los Plátanos, Mexico",Welterweight,5 ft 8 in (173 cm),,,50,35,31,15,,
401,Aaron Davis,,,,,,,,,,,,
402,Crisanto España,,,,,,,,,,,,
403,James Page,1971-04-01,"Pittsburg, California, U.S.",Welterweight,5 ft 11 in (180 cm),73 in (185 cm),Orthodox,30,25,19,5,,
404,Andrew Lewis,,,,,,,,,,,,
405,Roberto Cruz,1941-11-21,"Baguio, Philippine Commonwealth",Light Welterweight,5 ft 10 in (1.78 m),,,44,29,12,12,3,
406,Hilmer Kenty,,,,,,,,,,,,
407,Sean O'Grady,,,,,,,,,,,,
408,José Alfaro,,,,,,,,,,,,
409,Miguel Acosta,1978-04-20,"Miranda, Venezuela",Lightweight,5 ft 7 in (170 cm),71 in (180 cm),Orthodox,40,29,23,9,2,
410,[151],,,,,,,,,,,,
411,Héctor García,1991-11-01,"San Juan de la Maguana, Dominican Republic",Featherweight/Super featherweight/Lightweight,5 ft 8 in (173 cm)[1],69 in (175 cm)[1],Southpaw,21,16,10,2,,3
412,Tommy Paul,,,,,,,,,,,,
413,Antonio Gomez,1945-09-07,"Cumaná, Venezuela",Featherweight,168 cm (5 ft 6 in),,,52,43,20,7,2,
414,Rafael Ortega,1950-09-25,Panama,Featherweight,,,Orthodox,31,22,6,4,5,
415,Chris John,1979-09-14,"Banjarnegara, Central Java, Indonesia",Featherweight,5 ft 6+1⁄2 in (169 cm),69 in (175 cm),Orthodox,52,48,22,1,3,
416,Leigh Wood,1988-08-01,"Gedling, Nottinghamshire, England",Super-bantamweight/Featherweight,5 ft 7 in (170 cm),170 cm (67 in),Orthodox,31,28,17,3,,
417,Jesús Rojas,,,,,,,,,,,,
418,Ricardo Cardona,1952-11-09,"San Basilio, Colombia",Super bantamweight,5 ft 7+1⁄2 in (171 cm),70 in (178 cm),Orthodox,37,26,13,10,1,
419,Julio Gervacio,,,,,,,,,,,,
420,Luis Mendoza,,,Bantamweight/Super bantamweight/Featherweight/Super featherweight,,,Orthodox,47,38,20,7,2,
421,Enrique Sánchez,1972-07-16,"Mexico City, Mexico",Super bantamweight/Featherweight,1.73 m (5 ft 8 in),175 cm (69 in),Southpaw,37,30,21,3,4,0
422,Clarence Adams,,,,,,,,,,,,
423,Joe Lynch,1898-11-30,"New York, New York",Bantamweight,5 ft 6 in (1.68 m),66 in (168 cm),Orthodox,158,99,37,36,21,2
424,Park Chan-Yong,,,,,,,,,,,,
425,Eddie Cook,1966-12-21,"St. Louis, Missouri, USA",Bantamweight/Super bantamweight,5 ft 3 in (160 cm),,Southpaw,22,19,16,3,0,0
426,John Michael Johnson,,,,,,,,,,,,
427,Daorung Chuvatana,,,,,,,,,,,,
428,Victor Perez,1911-10-18,Tunisia,flyweight,155cm ,,,138,92,29,31,15,
429,Jackie Brown,,,,,,,,,,,,
430,Alfonso López,,,,,,,,,,,,
431,Luis Ibarra,1953-02-23,"Colón, Panama",flyweight,,,southpaw,31,26,9,5,,
432,Juan Herrera,,,,,,,,,,,,
433,José Bonilla,,,,,,,,,,,,
434,Jaime Rios,,,,,,,,,,,,
435,Juan Antonio Guzman,,,,,,,,,,,,
436,Pedro Flores,1951-01-14,"Guadalajara, Jalisco, Mexico",Light flyweight/Flyweight,5 ft 2 in (157 cm),70 in (178 cm),Orthodox,26,17,5,9,,
437,Lupe Madera,,,,,,,,,,,,
438,Francisco Quiróz,,,,,,,,,,,,
439,Carlos Murillo,1970-12-10,Panama,flyweight,155cm ,160 cm,Orthodox,50,38,29,11,1,
440,Keiji Yamaguchi,,,,,,,,,,,,
